<?xml version="1.0" encoding="UTF-8"?>
<project-private xmlns="http://www.netbeans.org/ns/project-private/1">
    <editor-bookmarks xmlns="http://www.netbeans.org/ns/editor-bookmarks/2" lastBookmarkId="0"/>
    <open-files xmlns="http://www.netbeans.org/ns/projectui-open-files/2">
        <group>
            <file>file:/C:/Users/dyogo/OneDrive/Documentos/NetBeansProjects/ATIVIDADE%20HERANCA/src/classes/Conta.java</file>
            <file>file:/C:/Users/dyogo/OneDrive/Documentos/NetBeansProjects/ATIVIDADE%20HERANCA/src/classes/ContaCorrente.java</file>
            <file>file:/C:/Users/dyogo/OneDrive/Documentos/NetBeansProjects/ATIVIDADE%20HERANCA/src/classes/ContaPoupanca.java</file>
            <file>file:/C:/Users/dyogo/OneDrive/Documentos/NetBeansProjects/ATIVIDADE%20HERANCA/src/classes/TestaContas.java</file>
            <file>file:/C:/Users/dyogo/OneDrive/Documentos/NetBeansProjects/ATIVIDADE%20HERANCA/src/atividade/heranca/ATIVIDADEHERANCA.java</file>
        </group>
    </open-files>
</project-private>
